<?xml version="1.0" encoding="UTF-8"?>
<!DOCTYPE mapper PUBLIC "-//mybatis.org//DTD Mapper 3.0//EN" 
	"http://mybatis.org/dtd/mybatis-3-mapper.dtd">
<mapper namespace="com.ssafy.mvc.model.repo.EmpRepo">
	<insert id="insert">
		insert into emp values (#{num},#{name},#{salary})
	</insert>
	<select id="search" resultType="Emp">
		select * from emp
	</select>
	<select id="select" resultType="Emp">
		select * from emp where num=#{num}
	</select>
	<delete id="delete">
		delete from emp where num=#{num}
	</delete>
	<update id="update">
		update emp set salary=#{salary} where num=#{num}
	</update>
</mapper>